<?xml version="1.0" encoding="UTF-8" standalone="yes"?>
<addon id="skin.KodiCoder.Elementum" name="KodiCoder Elementum" version="1.0.0" provider-name="YourName">
    <requires>
        <import addon="xbmc.gui" version="5.15.0"/>
    </requires>
    <extension point="xbmc.gui.skin" debugging="false" effectslowdown="0.75">
        <res width="1920" height="1080" aspect="16:9" default="true" folder="1080i" />
    </extension>
    <extension point="xbmc.addon.metadata">
        <summary lang="en_GB">KodiCoder Elementum Skin</summary>
        <description lang="en_GB">A skin for Kodi designed to work with Elementum</description>
        <platform>all</platform>
        <license>GNU General Public License version 2</license>
        <forum>https://forum.kodi.tv/</forum>
        <source>https://github.com/OnlineVideoCoder/Kodi-Coder-Skin-V2-Elementum-Film-TV-Trakt-FIRESTICK</source>
        <assets>
            <icon>resources/icon.png</icon>
            <fanart>resources/fanart.jpg</fanart>
            <screenshot>resources/screenshot-01.jpg</screenshot>
            <screenshot>resources/screenshot-02.jpg</screenshot>
            <screenshot>resources/screenshot-03.jpg</screenshot>
        </assets>
    </extension>
</addon>