<?xml version="1.0" encoding="UTF-8"?>
<addon
  id="skin.aetherview_crew"
  version="0.0.1"
  name="AetherView Crew"
  provider-name="OnlineVideoCoder">
  <requires>
    <import addon="xbmc.gui" version="5.17.0"/>
    <import addon="script.favourites" version="7.1.1"/>
	  <import addon="service.library.data.provider" version="0.3.2"/>
  </requires>
  <extension
    point="xbmc.gui.skin"
    debugging="false"
    effectslowdown="1.00"
    name="AetherView Crew"
    location=".">
    <res width="1920" height="1080" aspect="16:9" default="true" folder="xml" />
  </extension>
  <extension point="xbmc.addon.metadata">
    <summary lang="en_GB">AetherView Crew skin for Kodi</summary>
    <description lang="en_GB">A minimalist and elegant skin for Kodi, designed to work seamlessly with Crew addon.</description>
    <disclaimer lang="en_GB">This skin is still in development and may contain bugs or unfinished features.</disclaimer>
    <platform>all</platform>
    <license>GPL-2.0-or-later</license>
    <forum>https://forum.kodi.tv/</forum>
    <website>https://github.com/OnlineVideoCoder/AetherView_Crew</website>
    <email>your.email@example.com</email>
    <source>https://github.com/OnlineVideoCoder/AetherView_Crew</source>
    <assets>
      <icon>resources/icon.png</icon>
      <fanart>resources/fanart.jpg</fanart>
    </assets>
  </extension>
  <extension point="xbmc.service" library="scripts/startup.py" start="startup" />
</addon>